Name,AbrahamSimpson,HomerSimpson,BartSimpson,LisaSimpson,MaggieSimpson
XR_007068865.1,0.000000,0.000000,3673.813312,0.000000,0.000000
NM_001377130.1,10989.811713,3966.997116,0.000000,0.000000,0.000000
NM_001377129.1,0.000000,0.000000,0.000000,6475.116651,0.000000
XM_047443014.1,0.000000,0.000000,0.000000,0.000000,0.000000
XM_047443012.1,0.000000,0.000000,0.000000,0.000000,0.000000
NM_004036.5,0.000000,0.000000,0.000000,0.000000,0.000000
XM_047443009.1,0.000000,0.000000,0.000000,0.000000,0.000000
XM_047443010.1,0.000000,0.000000,0.000000,0.000000,0.000000
NM_001320613.2,0.000000,0.000000,0.000000,0.000000,0.000000
XM_047443008.1,0.000000,4788.101862,0.000000,0.000000,0.000000
XM_017003187.2,0.000000,0.000000,0.000000,0.000000,0.000000
XM_011532491.2,0.000000,0.000000,0.000000,0.000000,0.000000
XM_011532494.2,0.000000,0.000000,6103.652809,0.000000,0.000000
XM_047443013.1,0.000000,0.000000,4569.569616,0.000000,0.000000
NM_001377128.1,0.000000,0.000000,0.000000,0.000000,0.000000
XM_047443007.1,0.000000,0.000000,0.000000,0.000000,6365.928874
XM_006711925.2,0.000000,0.000000,0.000000,0.000000,0.000000
XM_047443006.1,0.000000,0.000000,0.000000,0.000000,0.000000
XM_017003189.2,0.000000,0.000000,0.000000,0.000000,0.000000
XM_047443011.1,0.000000,0.000000,0.000000,0.000000,0.000000
XM_011532493.2,0.000000,0.000000,0.000000,8634.454666,0.000000
XM_011532490.2,0.000000,0.000000,0.000000,0.000000,0.000000
XM_017003188.2,0.000000,0.000000,0.000000,0.000000,0.000000
XM_011532489.2,0.000000,0.000000,0.000000,0.000000,0.000000
XM_011532492.3,0.000000,0.000000,0.000000,0.000000,0.000000
XM_047443005.1,0.000000,0.000000,0.000000,0.000000,6338.729125
NM_001377132.1,0.000000,0.000000,0.000000,0.000000,0.000000
XM_047443016.1,0.000000,0.000000,0.000000,0.000000,0.000000
XM_017003191.1,4886.011120,0.000000,0.000000,0.000000,0.000000
NM_001377131.1,0.000000,0.000000,0.000000,0.000000,0.000000
XM_047443015.1,0.000000,8186.327725,0.000000,0.000000,0.000000
XR_008486253.1,0.000000,0.000000,0.000000,0.000000,0.000000
XM_054340246.1,0.000000,0.000000,0.000000,0.000000,0.000000
XM_054340244.1,0.000000,0.000000,0.000000,0.000000,0.000000
XM_054340241.1,0.000000,0.000000,0.000000,0.000000,0.000000
XM_054340242.1,0.000000,0.000000,0.000000,0.000000,0.000000
XM_054340240.1,0.000000,0.000000,0.000000,0.000000,0.000000
XM_054340231.1,0.000000,0.000000,0.000000,0.000000,0.000000
XM_054340230.1,0.000000,0.000000,0.000000,0.000000,0.000000
XM_054340239.1,0.000000,0.000000,0.000000,0.000000,0.000000
XM_054340245.1,0.000000,0.000000,0.000000,0.000000,0.000000
XM_054340238.1,0.000000,0.000000,0.000000,0.000000,0.000000
XM_054340229.1,0.000000,0.000000,0.000000,0.000000,0.000000
XM_054340237.1,0.000000,0.000000,0.000000,0.000000,0.000000
XM_054340236.1,0.000000,0.000000,0.000000,0.000000,0.000000
XM_054340243.1,0.000000,0.000000,0.000000,0.000000,0.000000
XM_054340235.1,0.000000,0.000000,0.000000,0.000000,0.000000
XM_054340228.1,0.000000,0.000000,0.000000,0.000000,0.000000
XM_054340233.1,0.000000,0.000000,0.000000,0.000000,0.000000
XM_054340227.1,0.000000,0.000000,0.000000,0.000000,0.000000
XM_054340232.1,0.000000,0.000000,0.000000,0.000000,0.000000
XM_054340234.1,0.000000,0.000000,0.000000,0.000000,0.000000
XM_054340249.1,0.000000,0.000000,0.000000,0.000000,0.000000
XM_054340247.1,0.000000,0.000000,0.000000,0.000000,0.000000
XM_054340248.1,0.000000,0.000000,0.000000,0.000000,0.000000
NM_001138.2,189600.830254,165991.515119,202475.119606,186534.944071,160709.253977
XM_047433694.1,0.000000,27785.769539,0.000000,13195.172414,21300.722118
NM_032139.3,15215.264509,16161.674107,16379.179469,16705.819964,15135.069840
XM_011537912.3,0.000000,0.000000,0.000000,0.000000,0.000000
XM_011537911.3,0.000000,0.000000,0.000000,7163.669311,0.000000
XM_047428302.1,0.000000,0.000000,0.000000,0.000000,0.000000
XM_011537913.3,0.000000,0.000000,9186.918318,9707.340207,11118.483057
XM_047428308.1,0.000000,0.000000,0.000000,0.000000,0.000000
XM_011537915.3,6003.612001,0.000000,0.000000,0.000000,0.000000
XM_047428305.1,0.000000,0.000000,0.000000,0.000000,0.000000
XM_047428303.1,0.000000,0.000000,0.000000,0.000000,0.000000
XM_047428307.1,0.000000,0.000000,0.000000,0.000000,0.000000
XM_047428306.1,0.000000,0.000000,0.000000,0.000000,0.000000
XM_011537918.3,0.000000,1434.122738,532.384680,0.000000,3202.091559
NM_001286615.2,0.000000,0.000000,0.000000,0.000000,0.000000
NM_178826.4,0.000000,0.000000,0.000000,0.000000,0.000000
XM_011537916.3,0.000000,0.000000,7604.378592,0.000000,0.000000
NM_001286616.1,0.000000,16793.338596,0.000000,0.000000,0.000000
XM_024448842.2,0.000000,0.000000,0.000000,0.000000,0.000000
XM_024448841.2,13159.233805,0.000000,0.000000,0.000000,0.000000
XM_054371108.1,0.000000,0.000000,0.000000,0.000000,0.000000
XM_054371111.1,0.000000,0.000000,0.000000,0.000000,0.000000
XM_054371105.1,0.000000,0.000000,0.000000,0.000000,0.000000
XM_054371107.1,0.000000,0.000000,0.000000,0.000000,0.000000
XM_054371106.1,0.000000,0.000000,0.000000,0.000000,0.000000
XM_054371104.1,0.000000,0.000000,0.000000,0.000000,0.000000
XM_054371113.1,0.000000,0.000000,0.000000,0.000000,0.000000
XM_054371112.1,0.000000,0.000000,0.000000,0.000000,0.000000
XM_054371109.1,0.000000,0.000000,0.000000,0.000000,0.000000
XM_054371110.1,0.000000,0.000000,0.000000,0.000000,0.000000
XM_054371117.1,0.000000,0.000000,0.000000,0.000000,0.000000
XM_054371114.1,0.000000,0.000000,0.000000,0.000000,0.000000
NM_170731.5,1598.907357,0.000000,0.000000,0.000000,0.000000
NM_001143805.1,6431.653457,11653.831764,0.000000,0.000000,3099.790627
NM_001143806.1,0.000000,0.000000,0.000000,0.000000,8936.903191
NM_170732.4,0.000000,6640.628681,25404.087408,0.000000,0.000000
NM_001143807.2,0.000000,0.000000,0.000000,16644.563921,0.000000
NM_170733.4,2430.615503,0.000000,0.000000,0.000000,17394.131546
NM_001143808.2,0.000000,0.000000,6022.502978,0.000000,0.000000
NM_001143809.2,4595.787456,0.000000,0.000000,0.000000,0.000000
NM_001143810.2,2260.021881,0.000000,0.000000,6001.957680,0.000000
NM_001143811.2,0.000000,0.000000,0.000000,0.000000,0.000000
NM_001143812.2,0.000000,0.000000,0.000000,0.000000,0.000000
NM_001143813.2,0.000000,0.000000,0.000000,10960.137736,0.000000
NM_001709.5,0.000000,0.000000,0.000000,0.000000,0.000000
NM_001143814.2,0.000000,0.000000,0.000000,0.000000,0.000000
NM_170734.4,0.000000,0.000000,0.000000,0.000000,0.000000
NM_001143816.2,0.000000,0.000000,0.000000,0.000000,0.000000
NM_170735.6,0.000000,0.000000,0.000000,0.000000,0.000000
NM_001098517.2,7776.648592,0.000000,0.000000,8559.487028,6807.796582
XM_005271494.4,0.000000,0.000000,0.000000,0.000000,0.000000
NM_001301045.2,0.000000,0.000000,0.000000,0.000000,0.000000
NM_014333.4,0.000000,0.000000,0.000000,0.000000,0.000000
NM_001301044.2,0.000000,0.000000,0.000000,0.000000,0.000000
NM_001301043.2,0.000000,0.000000,0.000000,0.000000,0.000000
XM_047426695.1,0.000000,8139.735779,8261.406813,0.000000,0.000000
XM_017017457.3,0.000000,0.000000,0.000000,0.000000,0.000000
XM_047426691.1,0.000000,0.000000,0.000000,0.000000,0.000000
XM_047426690.1,0.000000,0.000000,0.000000,0.000000,0.000000
XM_047426693.1,0.000000,0.000000,0.000000,0.000000,0.000000
XM_047426692.1,0.000000,0.000000,0.000000,0.000000,0.000000
XM_047426694.1,0.000000,0.000000,0.000000,0.000000,0.000000
XM_054368269.1,0.000000,0.000000,0.000000,0.000000,932.949733
XM_054368264.1,0.000000,0.000000,0.000000,0.000000,0.000000
XM_054368266.1,0.000000,0.000000,0.000000,0.000000,0.000000
XM_054368265.1,0.000000,0.000000,0.000000,0.000000,0.000000
XM_054368268.1,0.000000,0.000000,0.000000,0.000000,0.000000
XM_054368267.1,0.000000,0.000000,0.000000,0.000000,0.000000
XM_054368270.1,0.000000,0.000000,0.000000,0.000000,0.000000
NM_001375961.1,4575.407572,0.000000,11069.646440,0.000000,0.000000
NM_001375960.1,0.000000,0.000000,0.000000,0.000000,9074.266114
NM_001167675.2,0.000000,0.000000,0.000000,0.000000,0.000000
NM_001375964.1,2372.052968,0.000000,0.000000,10905.054924,0.000000
NM_001375968.1,0.000000,7637.019685,0.000000,0.000000,0.000000
NM_001375967.1,0.000000,0.000000,0.000000,0.000000,0.000000
NM_001167674.2,0.000000,0.000000,0.000000,0.000000,0.000000
NM_001381963.1,0.000000,0.000000,0.000000,0.000000,0.000000
XM_017006062.3,0.000000,0.000000,0.000000,0.000000,0.000000
NM_001381964.1,0.000000,0.000000,0.000000,2669.018151,2660.421511
XM_047447872.1,0.000000,0.000000,822.571920,0.000000,751.574074
NM_001256504.2,0.000000,0.000000,0.000000,0.000000,0.000000
NM_001256502.2,0.000000,0.000000,0.000000,0.000000,0.000000
NM_001256505.2,0.000000,0.000000,1652.132327,0.000000,0.000000
NM_001256503.2,0.000000,0.000000,0.000000,0.000000,0.000000
NM_153184.4,0.000000,0.000000,0.000000,0.000000,0.000000
XM_017006063.3,0.000000,0.000000,0.000000,0.000000,0.000000
XM_054345952.1,0.000000,0.000000,0.000000,0.000000,0.000000
XM_054345954.1,0.000000,0.000000,0.000000,0.000000,0.000000
XM_054345953.1,0.000000,0.000000,0.000000,0.000000,0.000000
NM_001742.4,19067.180649,17295.091194,8892.371536,16887.369282,8238.069022
NM_001164737.3,0.000000,2852.727113,11221.308893,3885.881574,10356.393964
NM_001164738.2,0.000000,0.000000,0.000000,0.000000,0.000000
NM_001370546.1,0.000000,0.000000,0.000000,0.000000,15553.409974
NM_001424094.1,0.000000,3688.018499,0.000000,0.000000,0.000000
NM_001370547.1,0.000000,0.000000,0.000000,0.000000,0.000000
NM_001424096.1,0.000000,0.000000,0.000000,0.000000,0.000000
NM_001424097.1,0.000000,9062.417323,11769.070326,0.000000,0.000000
NM_001424095.1,0.000000,0.000000,4986.465921,0.000000,0.000000
NM_001370545.1,0.000000,0.000000,0.000000,0.000000,0.000000
NM_016083.6,0.000000,7601.980804,0.000000,0.000000,4244.493071
NM_001160226.3,0.000000,0.000000,0.000000,0.000000,0.000000
NM_001365870.2,0.000000,0.000000,0.000000,0.000000,0.000000
NM_001365869.2,0.000000,0.000000,4892.899074,0.000000,0.000000
NM_001160258.3,0.000000,0.000000,0.000000,0.000000,0.000000
NM_001424098.1,0.000000,0.000000,0.000000,0.000000,0.000000
XM_047418171.1,2189.046331,0.000000,0.000000,17168.650206,0.000000
NM_001365872.2,0.000000,0.000000,0.000000,0.000000,0.000000
XM_047418173.1,0.000000,0.000000,0.000000,0.000000,0.000000
NM_001160259.3,0.000000,0.000000,0.000000,0.000000,0.000000
NM_001365874.3,0.000000,0.000000,0.000000,0.000000,0.000000
XM_047418172.1,0.000000,0.000000,0.000000,0.000000,0.000000
NM_033181.4,19112.280957,0.000000,0.000000,0.000000,0.000000
XM_054354204.1,0.000000,0.000000,0.000000,0.000000,0.000000
XM_054354206.1,0.000000,0.000000,0.000000,0.000000,0.000000
XM_054354205.1,0.000000,0.000000,0.000000,0.000000,0.000000
XM_005265821.4,0.000000,0.000000,0.000000,0.000000,0.000000
NM_153607.3,0.000000,0.000000,0.000000,0.000000,0.000000
XM_011534442.2,3589.356898,5956.078674,5750.488241,9552.294333,6607.880485
NM_001168394.2,0.000000,0.000000,0.000000,0.000000,0.000000
NM_001168393.2,4903.451439,0.000000,0.000000,0.000000,0.000000
XM_047416801.1,0.000000,0.000000,0.000000,0.000000,0.000000
XM_047416802.1,0.000000,0.000000,0.000000,0.000000,0.000000
XM_006714822.5,0.000000,0.000000,0.000000,0.000000,0.000000
XM_054351764.1,0.000000,0.000000,0.000000,0.000000,0.000000
XM_054351766.1,0.000000,0.000000,0.000000,0.000000,0.000000
XM_054351765.1,0.000000,0.000000,0.000000,0.000000,0.000000
NR_169285.1,0.000000,0.000000,0.000000,0.000000,0.000000
NR_169289.1,0.000000,0.000000,0.000000,0.000000,0.000000
NR_169290.1,0.000000,0.000000,0.000000,0.000000,0.000000
NR_169284.1,0.000000,0.000000,0.456400,0.000000,0.000000
NR_169291.1,0.000000,0.000000,0.000000,0.000000,0.000000
NR_169283.1,0.000000,0.000000,0.000000,0.000000,20852.538246
NR_158699.2,0.000000,0.000000,24286.659853,0.000000,0.000000
NR_169287.1,0.000000,0.000000,0.000000,0.000000,0.000000
NR_169286.1,0.000000,0.000000,0.000000,0.000000,0.000000
NR_169292.1,0.000000,0.000000,0.000000,0.000000,4634.087266
NR_169288.1,0.000000,0.000000,0.000000,0.000000,0.000000
NM_001384615.1,0.000000,0.000000,0.000000,0.000000,0.000000
NM_001384619.1,0.000000,0.000000,0.000000,0.000000,0.000000
NM_001384631.1,3561.271761,0.000000,0.000000,0.000000,0.000000
NM_001384620.1,0.000000,0.000000,0.000000,0.000000,0.000000
NM_001384618.1,0.000000,0.000000,0.000000,0.000000,0.000000
NM_001384630.1,18437.247267,0.000000,0.000000,0.000000,0.000000
NM_001384617.1,0.000000,0.000000,0.000000,0.000000,0.000000
NM_001384622.1,0.000000,0.000000,0.000000,0.000000,0.000000
NM_139159.5,0.000000,0.000000,0.000000,0.000000,0.000000
NM_001384629.1,0.000000,0.000000,0.000000,15213.380054,0.000000
NM_001384625.1,0.000000,0.000000,0.000000,0.000000,0.000000
NM_001384623.1,0.000000,0.000000,0.000000,7051.895638,0.000000
XM_011528405.2,0.000000,0.000000,0.000000,0.000000,0.000000
NM_001384626.1,0.000000,0.000000,0.000000,0.000000,0.000000
NM_001384624.1,0.000000,0.000000,0.000000,0.000000,0.000000
NM_001384621.1,0.000000,0.000000,0.000000,0.000000,0.000000
NM_001384612.1,0.000000,0.000000,0.000000,0.000000,0.000000
NM_001384627.1,0.000000,0.000000,0.000000,0.000000,0.000000
NM_001384613.1,0.000000,0.000000,0.000000,0.000000,0.000000
NM_001384628.1,0.000000,0.000000,0.000000,0.000000,0.000000
XM_047439653.1,0.000000,0.000000,0.000000,0.000000,0.000000
NM_001384614.1,0.000000,25150.098629,0.000000,0.000000,0.000000
NM_001384611.1,0.000000,0.000000,0.000000,0.000000,0.000000
XM_047439652.1,0.000000,0.000000,0.000000,0.000000,0.000000
NM_001384635.1,0.000000,0.000000,0.000000,0.000000,0.000000
NM_001384638.1,0.000000,0.000000,0.000000,0.000000,0.000000
NM_001384637.1,0.000000,0.000000,0.000000,0.000000,0.000000
NM_001384634.1,5417.914538,0.000000,0.000000,0.000000,0.000000
NM_001365987.2,0.000000,0.000000,0.000000,0.000000,0.000000
NM_001384633.1,0.000000,0.000000,0.000000,0.000000,0.000000
NM_001384632.1,0.000000,0.000000,0.000000,0.000000,0.000000
NM_001384636.1,0.000000,0.000000,0.000000,0.000000,0.000000
NM_001384616.1,0.000000,0.000000,0.000000,0.000000,0.000000
XM_047439654.1,0.000000,0.000000,0.000000,0.000000,0.000000
NR_156761.1,810.766453,2167.225168,0.000000,0.000000,0.000000
XR_007064911.1,0.000000,0.000000,0.000000,0.000000,0.000000
NM_001363905.1,0.000000,0.000000,0.000000,0.000000,0.000000
NM_001363891.1,0.000000,0.000000,1442.959478,0.000000,0.000000
NM_001363898.1,0.000000,0.000000,0.000000,0.000000,0.000000
NM_001363899.1,0.000000,0.000000,0.000000,0.000000,0.000000
NM_001363894.1,0.000000,0.000000,0.000000,0.000000,0.000000
NM_001363988.1,0.000000,0.000000,0.000000,0.000000,0.000000
NM_001363896.1,0.000000,0.000000,0.000000,0.000000,0.000000
NM_001363903.1,0.000000,0.000000,0.000000,0.000000,0.000000
NM_001363900.1,0.000000,0.000000,0.000000,1142.497632,0.000000
NM_001363901.1,0.000000,0.000000,0.000000,1142.497632,0.000000
NM_001363897.1,0.000000,0.000000,0.000000,0.000000,0.000000
XM_047434606.1,0.000000,0.000000,0.000000,0.000000,0.000000
XM_047434607.1,0.000000,0.000000,0.000000,0.000000,0.000000
XM_011523314.4,0.000000,0.000000,0.000000,0.000000,0.000000
XM_011523316.4,0.000000,0.000000,0.000000,0.000000,0.000000
XM_017023656.3,435.109144,464.744875,0.000000,0.000000,117.920800
XM_024450437.2,0.000000,0.000000,0.000000,0.000000,0.000000
XM_017023654.3,0.000000,0.000000,0.000000,0.000000,0.000000
XM_011523315.4,0.000000,0.000000,0.000000,0.000000,0.000000
XM_047434608.1,0.000000,0.000000,0.000000,0.000000,0.000000
XM_017023657.3,0.000000,0.000000,0.000000,0.000000,0.000000
XM_047434609.1,0.000000,0.000000,0.000000,0.000000,0.000000
NM_001080432.3,0.000000,0.000000,0.000000,0.000000,0.000000
XM_054313884.1,0.000000,0.000000,0.000000,0.000000,0.000000
XM_054313885.1,0.000000,0.000000,0.000000,0.000000,0.000000
XM_054313886.1,0.000000,0.000000,374.696309,0.000000,0.000000
XM_054313889.1,0.000000,0.000000,0.000000,0.000000,0.000000
XM_054313890.1,0.000000,0.000000,0.000000,259.510136,0.000000
XM_054313893.1,0.000000,0.000000,0.000000,0.000000,0.000000
XM_054313887.1,0.000000,0.000000,0.000000,0.000000,0.000000
XM_054313888.1,0.000000,0.000000,0.000000,0.000000,0.000000
XM_054313891.1,0.000000,0.000000,0.000000,0.000000,0.000000
XM_054313892.1,0.000000,0.000000,0.000000,0.000000,0.000000
XM_047438600.1,0.000000,0.000000,0.000000,0.000000,0.000000
XM_047438599.1,0.000000,0.000000,0.000000,11903.457556,0.000000
XM_011526710.3,0.000000,0.000000,10281.515164,0.000000,0.000000
XM_011526709.3,0.000000,0.000000,8721.317341,0.000000,6940.408908
NM_000164.4,13452.389635,0.000000,0.000000,0.000000,0.000000
XM_011526713.3,0.000000,0.000000,0.000000,0.000000,8623.709880
NM_001308418.2,0.000000,24375.521916,0.000000,0.000000,0.000000
XM_047438601.1,0.000000,0.000000,5946.346083,6200.700960,0.000000
XM_011526716.3,0.000316,0.000000,0.000000,0.000000,34756.071929
XM_047438602.1,0.000000,0.000000,0.000000,0.000000,0.000000
XM_047438603.1,0.000000,0.000000,0.000000,0.000000,0.000000
XM_011526715.3,0.000000,0.000000,0.000000,0.000000,0.000000
XM_054320524.1,0.000000,0.000000,0.000000,0.000000,0.000000
XM_054320523.1,0.000000,0.000000,0.000000,12753.396291,0.000000
XM_054320521.1,0.000000,0.000000,0.000000,0.000000,0.000000
XM_054320520.1,0.000000,0.000000,0.000000,0.000000,0.000000
XM_054320525.1,0.000000,0.000000,0.000000,0.000000,0.000000
XM_054320526.1,0.000000,0.000000,0.000000,0.000000,0.000000
XM_054320528.1,35027.684106,0.000000,0.000000,0.000000,0.000000
XM_054320529.1,0.000000,0.000000,0.000000,0.000000,0.000000
XM_054320530.1,0.000000,0.000000,0.000000,0.000000,0.000000
XM_054320522.1,0.000000,0.000000,0.000000,0.000000,0.000000
XM_054320527.1,0.000000,0.000000,0.000000,0.000000,0.000000
NM_194251.3,43317.912407,48169.442673,49192.573082,45259.053228,46200.503275
NM_006794.4,37183.069448,49222.958107,45856.617532,51893.681679,43456.532193
NM_001244189.2,0.000000,0.000000,0.000000,0.000000,0.000000
NM_001244190.2,0.000000,0.000000,5850.491162,0.000000,0.000000
NM_001244192.2,0.000000,0.000000,0.000000,0.000000,0.000000
NM_001244191.2,0.000000,0.000000,0.000000,0.000000,2807.988889
XM_047432009.1,0.000000,0.000000,0.000000,0.000000,0.000000
XM_024449779.2,0.000000,0.000000,0.000000,0.000000,0.000000
XM_024449781.2,0.000000,0.000000,0.000000,0.000000,0.000000
XM_047432000.1,0.000000,0.000000,0.000000,0.000000,0.000000
XM_047432003.1,0.000000,0.000000,0.000000,0.000000,0.000000
XM_047432006.1,3389.408800,0.000000,0.000000,0.000000,0.000000
XM_024449780.2,0.000000,0.000000,0.000000,0.000000,0.000000
XM_024449791.2,0.000000,0.000000,0.000000,0.000000,0.000000
NM_001329944.2,0.000000,0.000000,0.000000,0.000000,0.000000
NM_001329943.3,0.000000,0.000000,0.000000,0.000000,0.000000
NM_001329946.2,0.000000,0.000000,0.000000,0.000000,0.000000
XM_047432001.1,0.000000,0.000000,0.000000,0.000000,0.000000
NM_001329947.2,0.000000,0.000000,0.000000,0.000000,0.000000
XM_047432012.1,0.000000,0.000000,0.000000,0.000000,0.000000
NM_014749.5,0.000000,0.000000,0.000000,2946.684591,0.000000
XM_047432002.1,0.000000,7288.379448,0.000000,0.000000,0.000000
NM_001364701.2,0.000000,0.000000,0.000000,0.000000,0.000000
NM_001329945.2,0.000000,0.000000,0.000000,0.000000,0.000000
XM_047432004.1,4973.865046,0.000000,0.000000,0.000000,0.000000
XM_047432010.1,0.000000,0.000000,0.000000,0.000000,0.000000
XM_047432007.1,0.000000,0.000000,0.000000,0.000000,0.000000
XM_047432013.1,0.000000,0.000000,0.000000,920.730646,0.000000
XM_047432008.1,0.000000,0.000000,0.000000,0.000000,0.000000
XM_047432014.1,0.000000,0.000000,0.000000,0.000000,0.000000
XM_047432005.1,0.000000,0.000000,0.000000,0.000000,0.000000
XM_047432011.1,0.000000,0.000000,0.000000,0.000000,0.000000
XM_047432015.1,0.000000,0.000000,0.000000,0.000000,0.000000
NM_001364700.1,0.000000,0.000000,0.000000,0.000000,0.000000
XM_024449787.2,0.000000,0.000000,0.000000,0.000000,0.000000
NM_001244193.2,0.000000,0.000000,0.000000,0.000000,4407.815372
XM_054377121.1,0.000000,0.000000,0.000000,0.000000,0.000000
XM_054377128.1,0.000000,0.000000,0.000000,0.000000,0.000000
XM_054377116.1,0.000000,0.000000,0.000000,0.000000,0.000000
XM_054377118.1,0.000000,0.000000,0.000000,0.000000,0.000000
XM_054377119.1,0.000000,0.000000,0.000000,0.000000,0.000000
XM_054377122.1,0.000000,0.000000,0.000000,0.000000,0.000000
XM_054377125.1,0.000000,0.000000,0.000000,0.000000,0.000000
XM_054377117.1,0.000000,0.000000,0.000000,0.000000,0.000000
XM_054377136.1,0.000000,0.000000,0.000000,0.000000,0.000000
XM_054377120.1,0.000000,0.000000,0.000000,0.000000,0.000000
XM_054377131.1,0.000000,0.000000,0.000000,0.000000,0.000000
XM_054377123.1,0.000000,0.000000,0.000000,0.000000,0.000000
XM_054377129.1,0.000000,0.000000,0.000000,0.000000,0.000000
XM_054377126.1,0.000000,0.000000,0.000000,0.000000,0.000000
XM_054377132.1,0.000000,0.000000,0.000000,0.000000,0.000000
XM_054377127.1,0.000000,0.000000,0.000000,0.000000,0.000000
XM_054377133.1,0.000000,0.000000,0.000000,0.000000,0.000000
XM_054377124.1,0.000000,0.000000,0.000000,0.000000,0.000000
XM_054377130.1,0.000000,0.000000,0.000000,0.000000,0.000000
XM_054377135.1,0.000000,0.000000,0.000000,0.000000,0.000000
XM_054377134.1,0.000000,0.000000,0.000000,0.000000,0.000000
XR_938783.2,0.000000,0.000000,0.000000,0.000000,0.000000
XM_047416253.1,0.000000,0.000000,0.000000,0.000000,0.000000
XM_047416259.1,0.000000,0.000000,0.000000,0.000000,0.000000
XM_047416258.1,0.000000,0.000000,0.000000,0.000000,0.000000
XM_047416255.1,0.000000,0.000000,0.000000,0.000000,0.000000
XM_047416252.1,0.000000,0.000000,0.000000,0.000000,0.000000
XM_047416268.1,0.000000,0.000000,0.000000,0.000000,919.644876
XM_047416256.1,0.000000,0.000000,0.000000,0.000000,0.000000
XM_047416262.1,1504.834495,0.000000,0.000000,0.000000,0.000000
XM_047416251.1,0.000000,0.000000,0.000000,0.000000,0.000000
XM_047416257.1,0.000000,0.000000,0.000000,0.000000,0.000000
XM_047416263.1,0.000000,0.000000,0.000000,0.000000,0.000000
XM_047416254.1,0.000000,0.000000,0.000000,0.000000,0.000000
XM_011532320.4,0.000000,0.000000,0.000000,0.000000,0.000000
XM_047416260.1,0.000000,115.019250,0.000000,1166.319094,0.000000
NM_001384125.1,0.000000,0.000000,0.000000,0.000000,0.000000
XM_011532325.2,0.000000,0.000000,0.000000,0.000000,0.000000
XM_011532324.2,0.000000,0.000000,0.000000,0.000000,0.000000
XM_047416265.1,0.000000,0.000000,0.000000,0.000000,0.000000
XM_005263282.2,0.000000,0.000000,0.000000,0.000000,0.000000
XM_017008695.2,0.000000,0.000000,0.000000,0.000000,0.000000
XM_005263287.2,0.000000,0.000000,0.000000,0.000000,0.000000
XM_017008697.2,0.000000,0.000000,0.000000,0.000000,0.000000
XM_011532323.2,0.000000,0.000000,0.000000,0.000000,0.000000
XM_047416266.1,0.000000,0.000000,0.000000,0.000000,0.000000
XM_047416267.1,0.000000,0.000000,0.000000,0.000000,0.000000
XM_047416271.1,0.000000,0.000000,0.000000,0.000000,0.000000
XM_011532326.2,0.000000,0.000000,0.000000,0.000000,0.000000
XM_011532322.2,0.000000,0.000000,0.000000,0.000000,0.000000
XM_006714344.2,0.000000,0.000000,0.000000,0.000000,0.000000
XM_047416269.1,0.000000,0.000000,0.000000,0.000000,0.000000
XM_047416261.1,0.000000,0.000000,0.000000,0.000000,0.000000
XM_047416270.1,0.000000,0.000000,0.000000,0.000000,0.000000
XM_047416273.1,0.000000,0.000000,0.000000,0.000000,0.000000
XM_047416275.1,0.000000,0.000000,0.000000,0.000000,0.000000
XM_047416276.1,0.000000,0.000000,0.000000,0.000000,0.000000
XM_047416277.1,0.000000,0.000000,0.000000,0.000000,0.000000
XM_017008699.2,0.000000,3327.298852,0.000000,0.000000,0.000000
NM_015312.4,0.000000,0.000000,0.000000,0.000000,0.000000
XM_047416264.1,0.000000,0.000000,0.000000,0.000000,0.000000
XM_047416272.1,0.000000,0.000000,1193.304281,0.000000,0.000000
XM_011532330.2,0.000000,0.000000,0.000000,0.000000,0.000000
XM_024454243.1,0.000000,0.000000,0.000000,0.000000,0.000000
XM_017008698.2,0.000000,0.000000,0.000000,0.000000,0.000000
XM_054350987.1,0.000000,0.000000,0.000000,0.000000,0.000000
XM_054350999.1,0.000000,0.000000,0.000000,0.000000,0.000000
XM_054350993.1,0.000000,0.000000,0.000000,0.000000,0.000000
XM_054350992.1,0.000000,0.000000,0.000000,0.000000,0.000000
XM_054350986.1,0.000000,0.000000,0.000000,0.000000,0.000000
XM_054351010.1,0.000000,0.000000,0.000000,0.000000,919.644876
XM_054350990.1,0.000000,0.000000,0.000000,0.000000,0.000000
XM_054351001.1,1504.834495,0.000000,0.000000,0.000000,0.000000
XM_054350985.1,0.000000,0.000000,0.000000,0.000000,0.000000
XM_054350991.1,0.000000,0.000000,0.000000,0.000000,0.000000
XM_054351002.1,0.000000,0.000000,0.000000,0.000000,0.000000
XM_054350988.1,0.000000,0.000000,0.000000,0.000000,0.000000
XM_054350984.1,0.000000,0.000000,0.000000,0.000000,0.000000
XM_054350998.1,0.000000,115.019250,0.000000,1166.319094,0.000000
XM_054350996.1,0.000000,0.000000,0.000000,0.000000,0.000000
XM_054350995.1,0.000000,0.000000,0.000000,0.000000,0.000000
XM_054351004.1,0.000000,0.000000,0.000000,0.000000,0.000000
XM_054351005.1,0.000000,0.000000,0.000000,0.000000,0.000000
XM_054351008.1,0.000000,0.000000,0.000000,0.000000,0.000000
XM_054351007.1,0.000000,0.000000,0.000000,0.000000,0.000000
XM_054351012.1,0.000000,0.000000,0.000000,0.000000,0.000000
XM_054350994.1,0.000000,0.000000,0.000000,0.000000,0.000000
XM_054351006.1,0.000000,0.000000,0.000000,0.000000,0.000000
XM_054351009.1,0.000000,0.000000,0.000000,0.000000,0.000000
XM_054351014.1,0.000000,0.000000,0.000000,0.000000,0.000000
XM_054350997.1,0.000000,0.000000,0.000000,0.000000,0.000000
XM_054350989.1,0.000000,0.000000,0.000000,0.000000,0.000000
XM_054351024.1,0.000000,0.000000,0.000000,0.000000,0.000000
XM_054351011.1,0.000000,0.000000,0.000000,0.000000,0.000000
XM_054351000.1,0.000000,0.000000,0.000000,0.000000,0.000000
XM_054351013.1,0.000000,0.000000,0.000000,0.000000,0.000000
XM_054351003.1,0.000000,0.000000,0.000000,0.000000,0.000000
XM_054351015.1,0.000000,0.000000,1193.304281,0.000000,0.000000
XM_054351017.1,0.000000,0.000000,0.000000,0.000000,0.000000
XM_054351018.1,0.000000,0.000000,0.000000,0.000000,0.000000
XM_054351019.1,0.000000,0.000000,0.000000,0.000000,0.000000
XM_011538224.4,0.000000,0.000000,0.000000,0.000000,0.000000
NM_173598.6,0.000000,0.000000,3603.312497,6599.362575,2515.955653
XM_011538225.4,4864.363821,0.000000,0.000000,0.000000,0.000000
XM_017019210.3,0.000000,4047.937926,0.000000,0.000000,0.000000
XM_017019208.3,0.000000,0.000000,0.000000,0.000000,0.000000
XM_011538226.4,0.000000,7843.399689,0.000000,0.000000,0.000000
XM_011538229.4,0.000000,0.000000,18729.658126,0.000000,4516.405589
XM_017019209.3,0.000000,0.000000,0.000000,0.000000,0.000000
XM_054371839.1,0.000000,0.000000,0.000000,0.000000,2855.142380
XM_054371841.1,0.000000,0.000000,0.000000,0.000000,0.000000
XM_054371845.1,0.000000,0.000000,0.000000,0.000000,0.000000
XM_054371840.1,0.000000,0.000000,0.000000,0.000000,0.000000
XM_054371842.1,0.000000,0.000000,0.000000,0.000000,0.000000
XM_054371844.1,0.000000,0.000000,0.000000,7032.053241,0.000000
XM_054371843.1,0.000000,0.000000,0.000000,0.000000,0.000000
NM_000230.3,0.000000,0.000000,46405.496287,15678.677391,27615.160167
XM_005250340.6,10153.993516,20612.490826,0.000000,32342.377158,13600.305021
XM_054358206.1,0.000000,0.000000,0.000000,0.000000,0.000000
NM_001003679.3,0.000000,0.000000,0.000000,0.000000,0.000000
NM_001003680.3,37611.942706,0.000000,0.000000,0.000000,0.000000
NM_002303.6,0.000000,11223.088898,2518.893099,1719.043391,0.000000
NM_001198689.2,7172.816886,1415.372084,0.000000,3294.531176,2850.822587
NM_001198687.2,0.000000,0.000000,0.000000,0.000000,0.000000
NM_001198688.1,0.000000,12994.491941,0.000000,0.000000,3079.343858
NM_005912.3,9687.395405,7882.268080,43222.799664,23308.729566,32762.533686
XM_017010220.2,0.000000,0.000000,0.000000,0.000000,0.000000
XM_017010221.3,0.000000,0.000000,0.000000,7433.116071,1.585308
NM_001346542.2,0.000000,0.000000,0.000000,0.000000,0.000000
XM_047418132.1,0.000000,0.000000,0.000000,32978.175490,0.000000
NM_001346543.2,0.000000,0.000000,29892.824745,0.000000,0.000000
NM_138409.4,25924.987680,42098.972940,0.000000,0.000000,1388.989101
NM_001346541.2,0.000000,0.000000,0.000000,0.000000,0.000000
NM_001346544.2,0.000000,0.000000,0.000000,0.000000,0.000000
XM_047418133.1,23387.334659,0.000000,10003.845071,0.000000,0.000000
XM_054354133.1,0.000000,0.000000,0.000000,0.000000,119397.273494
NR_045259.2,0.000000,0.000000,9269.482688,0.000000,0.000000
XM_047425977.1,0.000000,0.000000,0.000000,0.000000,0.000000
XM_006717525.3,0.000000,12045.373077,0.000000,0.000000,8299.422547
XM_006717524.3,0.000000,0.000000,0.000000,0.000000,0.000000
XM_017016865.3,0.000000,0.000000,0.000000,0.000000,0.000000
NM_001244973.2,0.000000,0.000000,0.000000,0.000000,0.000000
XM_047425976.1,0.000000,0.000000,0.000000,0.000000,0.000000
NM_001244972.2,0.000000,0.000000,0.000000,0.000000,0.000000
NM_001330068.2,0.000000,0.000000,0.000000,0.000000,0.000000
NM_003873.7,0.000000,0.000000,0.000000,0.000000,0.000000
XM_006717522.3,0.000000,0.000000,0.000000,0.000000,0.000000
XM_006717521.3,0.000000,0.000000,0.000000,0.000000,0.000000
XM_047425978.1,7583.235260,0.000000,0.000000,5254.455444,0.000000
XM_011519756.3,0.000000,0.000000,0.000000,0.000000,0.000000
XM_011519755.4,0.000000,0.000000,0.000000,0.000000,0.000000
XM_006717526.3,0.000000,0.000000,0.000000,0.000000,0.000000
NM_001024629.3,0.000000,0.000000,0.000000,0.000000,0.000000
NM_001024628.3,0.000000,0.000000,0.000000,0.000000,0.000000
XM_054367078.1,563.972400,0.000000,185.598283,1007.233077,0.000000
XM_054367073.1,0.000000,0.000000,0.000000,0.000000,0.000000
XM_054367076.1,0.000000,0.000000,0.000000,0.000000,0.000000
XM_054367081.1,0.000000,0.000000,0.000000,0.000000,0.000000
XM_054367077.1,0.000000,0.000000,0.000000,0.000000,0.000000
XM_054367072.1,0.000000,0.000000,0.000000,0.000000,0.000000
XM_054367089.1,0.000000,0.000000,0.000000,0.000000,0.000000
XM_054367083.1,0.000000,0.000000,0.000000,0.000000,0.000000
XM_054367074.1,0.000000,0.000000,0.000000,0.000000,0.000000
XM_054367087.1,0.000000,0.000000,0.000000,0.000000,0.000000
XM_054367082.1,0.000000,0.000000,0.000000,0.000000,0.000000
XM_054367075.1,0.000000,0.000000,0.000000,0.000000,0.000000
XM_054367071.1,0.000000,0.000000,0.000000,0.000000,0.000000
XM_054367088.1,0.000000,0.000000,0.000000,0.000000,0.000000
XM_054367086.1,0.000000,0.000000,0.000000,0.000000,0.000000
XM_054367080.1,0.000000,0.000000,0.000000,0.000000,0.000000
XM_054367079.1,0.000000,0.000000,0.000000,0.000000,0.000000
XM_054367070.1,0.000000,0.000000,0.000000,0.000000,0.000000
XM_054367090.1,0.000000,0.000000,0.000000,0.000000,0.000000
XM_054367085.1,0.000000,0.000000,0.000000,0.000000,0.000000
XM_054367084.1,0.000000,0.000000,0.000000,0.000000,0.000000
XM_054367092.1,0.000000,0.000000,0.000000,0.000000,0.000000
XM_054367091.1,0.000000,0.000000,0.000000,0.000000,0.000000
XM_054367093.1,0.000000,0.000000,0.000000,0.000000,0.000000
XR_007083522.1,0.000000,0.000000,0.000000,0.000000,0.000000
XR_923057.4,0.000000,0.000000,13855.066100,12311.308240,0.000000
NM_201266.2,6294.032650,0.000000,0.000000,0.000000,0.000000
NM_003872.3,0.000000,0.000000,0.000000,0.000000,0.000000
NM_201279.2,0.000000,6413.755592,1881.200565,0.000000,0.000000
XM_047446170.1,0.000000,0.000000,0.000000,0.000000,0.000000
XM_047446172.1,0.000000,0.000000,0.000000,0.000000,2555.257266
XM_047446171.1,4711.017389,0.000000,0.000000,0.000000,0.000000
XM_047446173.1,0.000000,0.000000,0.000000,1613.814156,0.000000
XM_017005188.3,0.000000,387.210980,1073.582335,0.000000,0.000000
NM_018534.4,0.000000,0.000000,0.000000,0.000000,0.000000
NM_201267.2,0.000000,0.000000,0.000000,0.000000,3677.810701
XM_047446174.1,0.000000,0.000000,2892.119703,6715.935008,0.000000
XM_047446175.1,0.000000,0.000000,0.000000,0.000000,4008.949361
XM_047446176.1,3373.405471,6096.798458,0.000000,0.000000,0.000000
NM_201264.2,0.000000,0.000000,0.000000,0.000000,0.000000
XR_008486580.1,0.000000,0.000000,0.000000,0.000000,0.000000
XR_008486581.1,0.000000,0.000000,0.000000,0.000000,0.000000
XM_054344366.1,0.000000,0.000000,0.000000,0.000000,0.000000
XM_054344363.1,0.000000,0.000000,0.000000,0.000000,0.000000
XM_054344367.1,0.000000,0.000000,0.000000,0.000000,0.000000
XM_054344368.1,0.000000,0.000000,0.000000,0.000000,0.000000
XM_054344364.1,0.000000,0.000000,0.000000,0.000000,0.000000
XM_054344365.1,0.000000,0.000000,0.000000,0.000000,0.000000
XM_054344369.1,0.000000,0.000000,0.000000,0.000000,0.000000
XM_054344370.1,0.000000,0.000000,0.000000,0.000000,0.000000
XM_017014751.3,0.000000,0.000000,0.000000,3920.523512,0.000000
XM_017014753.3,0.000000,490.869079,0.000000,0.000000,0.000000
XM_047423432.1,0.000000,0.000000,0.000000,0.000000,0.000000
XM_017014752.2,0.000000,0.000000,0.000000,0.000000,0.000000
XM_005252001.4,0.000000,0.000000,0.000000,5298.571695,10563.567902
XM_011518718.4,0.000000,0.000000,0.000000,0.000000,0.000000
XM_005252003.4,0.000000,0.000000,0.000000,0.000000,0.000000
XM_047423433.1,0.000000,0.000000,0.000000,0.000000,0.000000
NM_001369532.1,0.000000,0.000000,0.000000,0.000000,0.000000
XM_005252004.3,0.000000,0.000000,0.000000,0.000000,0.000000
NM_001369533.1,0.000000,0.000000,9187.345781,0.000000,0.000000
XM_017014755.1,0.000000,0.000000,0.000000,0.000000,0.000000
NM_001018066.3,0.000000,0.000000,0.000000,0.000000,0.000000
NM_001369537.1,0.000000,0.000000,0.000000,0.000000,0.000000
XM_017014760.3,0.000000,2793.113402,0.000000,0.000000,0.000000
NM_001369544.1,0.000000,0.000000,0.000000,0.000000,0.000000
NM_001291937.2,0.000000,0.000000,0.000000,0.000000,0.000000
NM_001369542.1,0.000000,0.000000,0.000000,4896.740547,0.000000
NM_001007097.3,0.000000,0.000000,0.000000,0.000000,387.963627
NM_001369543.1,0.000000,0.000000,0.000000,0.000000,0.000000
NM_001369545.1,0.000000,0.000000,0.000000,0.000000,0.000000
NM_001369539.1,0.000000,0.000000,0.000000,0.000000,0.000000
NM_001369541.1,0.000000,0.000000,2715.089329,0.000000,0.000000
NM_001369540.1,0.000000,0.000000,0.000000,0.000000,0.000000
NM_001369547.1,0.000000,0.000000,0.000000,0.000000,0.000000
NM_001369546.1,0.000000,0.000000,0.000000,0.000000,0.000000
NM_001018065.2,0.000000,0.000000,0.000000,0.000000,0.000000
NM_006180.6,0.000000,0.000000,0.000000,0.000000,0.000000
NM_001369534.1,0.000000,0.000000,0.000000,0.000000,0.000000
NM_001018064.3,0.000000,0.000000,0.000000,0.000000,0.000000
NM_001369548.1,0.000000,0.000000,0.000000,0.000000,0.000000
NM_001369538.1,351.920017,0.000000,0.000000,0.000000,0.000000
NM_001369549.1,0.000000,0.000000,0.000000,0.000000,0.000000
NM_001369536.1,0.000000,0.000000,0.000000,0.000000,0.000000
NM_001369535.1,1475.656496,0.000000,0.000000,0.000000,0.000000
NM_001369550.1,0.000000,0.000000,0.000000,0.000000,0.000000
NM_001369551.1,0.000000,0.000000,0.000000,0.000000,0.000000
NM_001369552.1,0.000000,0.000000,0.000000,0.000000,0.000000
XM_054363020.1,0.000000,0.000000,0.000000,0.000000,0.000000
XM_054363024.1,0.000000,0.000000,0.000000,0.000000,0.000000
XM_054363018.1,0.000000,0.000000,0.000000,0.000000,0.000000
XM_054363026.1,0.000000,0.000000,0.000000,0.000000,0.000000
XM_054363019.1,0.000000,0.000000,0.000000,0.000000,0.000000
XM_054363025.1,0.000000,0.000000,0.000000,0.000000,0.000000
XM_054363021.1,0.000000,0.000000,0.000000,0.000000,0.000000
XM_054363022.1,0.000000,0.000000,0.000000,0.000000,0.000000
XM_054363023.1,0.000000,0.000000,0.000000,0.000000,0.000000
XM_054363027.1,0.000000,0.000000,0.000000,0.000000,0.000000
XM_054363028.1,0.000000,0.000000,0.000000,0.000000,0.000000
NM_000439.5,0.000000,0.000000,17358.399438,15160.515292,17477.347858
NM_001177875.2,29907.311837,33950.417852,0.000000,0.000000,0.000000
NR_190763.1,0.000000,0.000000,0.000000,0.000000,0.000000
NR_190764.1,0.000000,15886.976936,0.000000,0.000000,0.000000
NR_190766.1,0.000000,0.000000,0.000000,0.000000,0.000000
NR_190765.1,10017.982863,0.000000,8128.458149,0.000000,10839.928963
NM_001429700.1,0.000000,0.000000,0.000000,0.051318,0.000000
NM_001429699.1,10441.583761,0.000000,18660.874328,24308.733671,0.000000
NM_001363570.2,1414.478696,0.000000,0.000000,0.000000,5534.129654
NM_000922.4,0.000000,0.000000,0.000000,0.000000,0.000000
NM_001363569.2,0.000000,0.000000,0.000000,0.000000,0.000000
XM_006718249.4,0.000000,0.000000,0.000000,0.000000,0.000000
XM_047427115.1,0.000000,0.000000,0.000000,0.000000,0.000000
XM_054369107.1,0.000000,0.000000,0.000000,0.000000,0.000000
XM_054369108.1,0.000000,0.000000,0.000000,0.000000,0.000000
XM_005248729.6,0.000000,0.000000,1728.779083,3217.632691,872.720071
NM_017934.7,0.000000,0.000000,0.000000,0.000000,0.000000
XM_011535918.4,0.000000,2873.788641,0.000000,0.000000,0.000000
XM_011535919.2,0.000000,0.000000,0.000000,0.000000,0.000000
XM_054355760.1,2113.889379,0.000000,0.000000,0.000000,0.000000
XM_054355761.1,0.000000,0.000000,0.000000,0.000000,1001.438811
XM_054355762.1,0.000000,0.000000,0.000000,0.000000,0.000000
NM_000939.4,159234.192182,31107.663322,35592.732620,0.000000,0.000000
NM_001319205.2,0.000000,124265.141828,73826.781293,61583.766019,95629.915078
NM_001035256.3,0.000000,0.000000,0.000000,53547.306430,0.000000
NM_001319204.2,0.000000,0.000000,0.000000,0.000000,0.000000
NM_001354666.3,0.000000,0.000000,0.000000,0.000000,13773.936945
NM_138712.5,29449.166651,0.000000,0.000000,0.000000,0.000000
NM_005037.7,0.000000,0.000000,39976.773859,0.000000,0.000000
NM_001374261.3,0.000000,0.000000,0.000000,0.000000,0.000000
NM_001354669.2,0.000000,0.000000,0.000000,0.000000,9434.457179
NM_001354667.3,0.000000,20388.558433,0.000000,0.000000,0.000000
NM_001374262.3,7317.881529,0.000000,0.000000,0.000000,0.000000
NM_138711.6,0.000000,0.000000,0.000000,0.000000,0.000000
NM_001330615.4,0.000000,0.000000,0.000000,45869.870312,0.000000
NM_001374266.1,0.000000,0.000000,0.000000,0.000000,24773.116721
NM_001354670.2,0.000000,492.720574,0.000000,0.000000,0.000000
NM_001374263.2,0.000000,0.000000,0.000000,0.000000,0.000000
NM_001374264.2,0.000000,27598.369581,0.000000,0.000000,0.000000
NM_015869.5,0.000000,0.000000,0.000000,0.000000,0.000000
NM_001374265.1,0.000000,0.000000,0.000000,0.000000,0.000000
NM_001354668.2,0.000000,0.000000,0.000000,0.000000,0.000000
XM_017006982.2,0.000000,0.000000,7824.951246,0.000000,0.000000
XM_047448664.1,0.000000,0.000000,0.000000,0.000000,0.000000
XM_047448661.1,5165.046291,0.000000,0.000000,0.000000,7747.703755
XM_017006984.1,0.000000,0.000000,0.000000,0.000000,0.000000
NM_002941.4,0.000000,0.000000,0.000000,0.000000,0.000000
XM_011533980.1,0.000000,5046.359591,0.000000,0.000000,0.000000
XM_011533978.1,0.000000,0.000000,0.000000,0.000000,0.000000
XM_011533979.1,0.000000,0.000000,0.000000,0.000000,0.000000
XM_011533976.1,0.000000,0.000000,0.000000,0.000000,0.000000
XM_011533977.3,0.000000,0.000000,0.000000,0.000000,0.000000
XM_047448665.1,0.000000,0.000000,0.000000,0.000000,0.000000
XM_047448663.1,0.000000,0.000000,0.000000,8570.694556,0.000000
XM_017006983.3,0.000000,0.000000,0.000000,0.000000,0.000000
NM_001145845.2,0.000000,0.000000,0.000000,0.000000,0.000000
NM_133631.4,0.000000,0.000000,0.000000,0.000000,0.000000
XM_006713277.4,0.000000,0.000000,0.000000,0.000000,0.000000
XM_017006985.2,0.000000,0.000000,0.000000,0.000000,0.000000
XM_047448662.1,0.000000,0.000000,0.000000,0.000000,0.000000
XM_054347444.1,0.000000,0.000000,0.000000,0.000000,0.000000
XM_054347456.1,0.000000,0.000000,0.000000,0.000000,0.000000
XM_054347451.1,0.000000,0.000000,0.000000,0.000000,0.000000
XM_054347450.1,0.000000,0.000000,0.000000,0.000000,0.000000
XM_054347448.1,0.000000,0.000000,0.000000,0.000000,0.000000
NM_001308293.2,38592.389489,0.000000,0.000000,26708.771152,0.000000
NM_001387404.1,0.000000,35364.752060,0.000000,0.000000,0.000000
NM_015503.3,8052.234014,12483.350529,0.000000,0.000000,0.000000
NM_001387430.1,0.000000,0.000000,4543.628906,1227.188307,15141.347376
NM_001145812.2,0.000000,0.000000,26597.799063,0.000000,0.000000
NM_001145797.2,0.000000,0.000000,0.000000,0.000000,0.000000
NM_001145796.2,0.000000,0.000000,0.000000,0.000000,0.000000
NM_001145795.2,0.000000,0.000000,0.000000,0.000000,0.000000
NM_001308294.2,0.000000,0.000000,0.000000,0.000000,0.000000
NM_005068.3,0.000000,3404.709474,0.000000,4920.710899,5227.816311
NM_001374769.1,3347.786298,0.000000,3083.198960,0.000000,0.000000
NM_001309443.2,31768.765307,0.000000,0.000000,0.000000,31264.876816
NM_001309444.2,0.000000,31218.047865,20138.949667,0.000000,0.000000
NM_003118.4,0.000000,0.000000,10013.669452,33518.192676,0.000000
NM_152834.4,0.000000,0.000000,0.000000,0.000000,0.000000
NM_001352680.2,7052.394493,0.000000,0.000000,6733.271484,4072.512821
NM_001352681.1,0.000000,7275.988802,7065.738934,0.000000,0.000000
XM_017010594.2,0.000000,0.000000,0.000000,0.000000,0.000000
XM_011514438.3,0.000000,0.000000,0.000000,0.000000,10411.519917
NM_015255.3,2653.040654,4736.000599,7982.969249,0.000000,0.000000
NM_001363705.2,2653.040654,0.000000,7982.969249,0.000000,0.000000
XM_047418493.1,0.000000,12946.855073,0.000000,0.000000,5212.622024
XM_017010597.2,0.000000,0.000000,0.000000,0.000000,0.000000
XM_047418494.1,0.000000,0.000000,0.000000,0.000000,0.000000
XM_047418495.1,0.000000,0.000000,0.000000,0.000000,0.000000
NM_001184801.2,1180.203740,0.000000,0.000000,0.000000,0.000000
XM_011514440.2,0.000000,0.000000,0.000000,0.000000,0.000000
XM_011514441.3,8631.777347,0.000000,0.000000,0.000000,0.000000
XM_005248966.4,0.000000,0.000000,0.000000,6383.318282,0.000000
XM_054354858.1,0.000000,0.000000,0.000000,0.000000,0.000000
XM_054354860.1,0.000000,0.000000,0.000000,5367.296595,0.000000
XM_054354861.1,0.000000,0.000000,0.000000,12187.621946,0.000000
XM_054354864.1,0.000000,0.000000,0.000000,0.000000,0.000000
XM_054354859.1,0.000000,0.000000,0.000000,0.000000,0.000000
XM_054354866.1,0.000000,0.000000,0.000000,0.000000,0.000000
XM_054354862.1,0.000000,0.000000,0.000000,0.000000,0.000000
XM_054354863.1,0.000000,0.000000,0.000000,0.000000,0.000000
XM_054354865.1,0.000000,0.000000,0.000000,0.000000,0.000000
NM_001184763.1,8077.278088,8584.071383,0.000000,0.000000,8042.896502
NM_144624.2,0.000000,0.000000,8446.802985,8619.354279,0.000000
NM_175866.5,0.000000,0.000000,0.000000,0.000000,0.000000
